etapa,decil_seguidores,tipo,por_mil,seguidores_desde,seguidores_hasta
Antes de la crisis,1,Tweets propios,1.153,0,49
Antes de la crisis,1,Respuestas,34.103,0,49
Antes de la crisis,1,Citas,0.714,0,49
Antes de la crisis,2,Tweets propios,1.515,49,133
Antes de la crisis,2,Respuestas,28.928,49,133
Antes de la crisis,2,Citas,1.182,49,133
Antes de la crisis,3,Tweets propios,2.169,133,301
Antes de la crisis,3,Respuestas,23.463,133,301
Antes de la crisis,3,Citas,2.417,133,301
Antes de la crisis,4,Tweets propios,2.89,301,635
Antes de la crisis,4,Respuestas,19.206,301,635
Antes de la crisis,4,Citas,3.259,301,635
Antes de la crisis,5,Tweets propios,3.921,635,1270
Antes de la crisis,5,Respuestas,14.935,635,1270
Antes de la crisis,5,Citas,3.827,635,1270
Antes de la crisis,6,Tweets propios,3.7,1270,2584
Antes de la crisis,6,Respuestas,14.578,1270,2584
Antes de la crisis,6,Citas,3.519,1270,2584
Antes de la crisis,7,Tweets propios,4.489,2584,6075
Antes de la crisis,7,Respuestas,11.574,2584,6075
Antes de la crisis,7,Citas,3.937,2584,6075
Antes de la crisis,8,Tweets propios,5.845,6075,19507
Antes de la crisis,8,Respuestas,5.989,6075,19507
Antes de la crisis,8,Citas,3.783,6075,19507
Antes de la crisis,9,Tweets propios,4.59,19507,128526
Antes de la crisis,9,Respuestas,2.559,19507,128526
Antes de la crisis,9,Citas,1.601,19507,128526
Antes de la crisis,10,Tweets propios,4.043,128527,26349501
Antes de la crisis,10,Respuestas,0.485,128527,26349501
Antes de la crisis,10,Citas,0.28,128527,26349501
Crisis y después,1,Tweets propios,0.78,0,49
Crisis y después,1,Respuestas,23.603,0,49
Crisis y después,1,Citas,0.446,0,49
Crisis y después,2,Tweets propios,0.913,49,133
Crisis y después,2,Respuestas,21.153,49,133
Crisis y después,2,Citas,0.96,49,133
Crisis y después,3,Tweets propios,1.406,133,301
Crisis y después,3,Respuestas,17.994,133,301
Crisis y después,3,Citas,1.914,133,301
Crisis y después,4,Tweets propios,2.208,301,635
Crisis y después,4,Respuestas,14.846,301,635
Crisis y después,4,Citas,3.103,301,635
Crisis y después,5,Tweets propios,2.886,635,1270
Crisis y después,5,Respuestas,13.037,635,1270
Crisis y después,5,Citas,4.534,635,1270
Crisis y después,6,Tweets propios,3.175,1270,2584
Crisis y después,6,Respuestas,12.096,1270,2584
Crisis y después,6,Citas,3.786,1270,2584
Crisis y después,7,Tweets propios,4.439,2584,6075
Crisis y después,7,Respuestas,8.761,2584,6075
Crisis y después,7,Citas,4.297,2584,6075
Crisis y después,8,Tweets propios,5.479,6075,19507
Crisis y después,8,Respuestas,4.954,6075,19507
Crisis y después,8,Citas,4.435,6075,19507
Crisis y después,9,Tweets propios,5.434,19507,128526
Crisis y después,9,Respuestas,2.372,19507,128526
Crisis y después,9,Citas,2.309,19507,128526
Crisis y después,10,Tweets propios,4.226,128527,26349501
Crisis y después,10,Respuestas,0.415,128527,26349501
Crisis y después,10,Citas,0.45,128527,26349501
