momento,contenido,tweets,dias,al_dia,universo
Antes,Odio hacia los inmigrantes,126762,30,4225.4,Todos los mensajes
Antes,"Sobre migración, sin odio",144120,30,4804,Todos los mensajes
Antes,Resto,865331,30,28844.366666666665,Todos los mensajes
Día de la crisis,Odio hacia los inmigrantes,10632,1,10632,Todos los mensajes
Día de la crisis,"Sobre migración, sin odio",9156,1,9156,Todos los mensajes
Día de la crisis,Resto,52325,1,52325,Todos los mensajes
Después,Odio hacia los inmigrantes,137315,30,4577.166666666667,Todos los mensajes
Después,"Sobre migración, sin odio",158684,30,5289.466666666666,Todos los mensajes
Después,Resto,996329,30,33210.96666666667,Todos los mensajes
