dia,periodo,serie,valor,media
2026-06-30,pre,Deshumanización,108.23425527374405,104.44642496323962
2026-06-30,pre,Odio hacia los inmigrantes,122.18489337421238,109.27728162188174
2026-07-01,pre,Deshumanización,100.65859465273519,99.24789741253603
2026-07-01,pre,Odio hacia los inmigrantes,96.36966986955112,101.6861996364588
2026-07-02,pre,Deshumanización,88.85084231112886,91.24425838543434
2026-07-02,pre,Odio hacia los inmigrantes,86.5040356656129,89.52975584669147
2026-07-03,pre,Deshumanización,84.22333819243896,95.8128461319402
2026-07-03,pre,Odio hacia los inmigrantes,85.71556200491038,93.5845041733984
2026-07-04,pre,Deshumanización,114.3643578922528,113.25578398055013
2026-07-04,pre,Odio hacia los inmigrantes,108.53391484967192,108.0770539108706
2026-07-05,pre,Deshumanización,141.17965585695865,124.6461741849902
2026-07-05,pre,Odio hacia los inmigrantes,129.9816848780295,115.46962832063886
2026-07-06,pre,Deshumanización,118.39450880575916,128.70296290543126
2026-07-06,pre,Odio hacia los inmigrantes,107.89328523421517,117.26431370407174
2026-07-07,pre,Deshumanización,126.534724053576,118.6314574056209
2026-07-07,pre,Odio hacia los inmigrantes,113.91797099997055,112.90164133878645
2026-07-08,pre,Deshumanización,110.96513935752756,119.5382137464973
2026-07-08,pre,Odio hacia los inmigrantes,116.89366778217362,117.52731946758054
2026-07-09,pre,Deshumanización,121.11477782838834,126.0785169957438
2026-07-09,pre,Odio hacia los inmigrantes,121.77031962059745,117.98410593759122
2026-07-10,pre,Deshumanización,146.1556338013155,114.91352925525524
2026-07-10,pre,Odio hacia los inmigrantes,115.28833041000259,103.97788188416091
2026-07-11,pre,Deshumanización,77.47017613606187,105.90475133895522
2026-07-11,pre,Odio hacia los inmigrantes,74.8749956218827,97.81778376425692
2026-07-12,pre,Deshumanización,94.08844407948831,89.2889075236184
2026-07-12,pre,Odio hacia los inmigrantes,103.29002526088546,96.11743530301293
2026-07-13,pre,Deshumanización,96.30810235530504,95.5331049545809
2026-07-13,pre,Odio hacia los inmigrantes,110.1872850262706,105.89108578783656
2026-07-14,pre,Deshumanización,96.20276842894938,96.16512175703559
2026-07-14,pre,Odio hacia los inmigrantes,104.1959470763536,102.60774449961045
2026-07-15,pre,Deshumanización,95.98449448685236,111.06908757461524
2026-07-15,pre,Odio hacia los inmigrantes,93.44000139620714,106.67551353216183
2026-07-16,pre,Deshumanización,141.019999808044,109.87296455932928
2026-07-16,pre,Odio hacia los inmigrantes,122.39059212392473,100.61894612144988
2026-07-17,pre,Deshumanización,92.6143993830915,100.78763581506249
2026-07-17,pre,Odio hacia los inmigrantes,86.02624484421776,92.44399767934217
2026-07-18,pre,Deshumanización,68.72850825405197,76.10390127952127
2026-07-18,pre,Odio hacia los inmigrantes,68.91515606988403,74.93745035228767
2026-07-19,pre,Deshumanización,66.96879620142035,89.0727992443761
2026-07-19,pre,Odio hacia los inmigrantes,69.87095014276123,93.27073221152872
2026-07-20,pre,Deshumanización,131.52109327765598,105.96240718241211
2026-07-20,pre,Odio hacia los inmigrantes,141.0260904219409,117.75350951588482
2026-07-21,pre,Deshumanización,119.39733206815998,119.77096533499042
2026-07-21,pre,Odio hacia los inmigrantes,142.3634879829523,135.58570618605197
2026-07-22,pre,Deshumanización,108.3944706591553,103.01313743221499
2026-07-22,pre,Odio hacia los inmigrantes,123.36754015326272,119.32543001327613
2026-07-23,pre,Deshumanización,81.24760956932968,89.13634034617645
2026-07-23,pre,Odio hacia los inmigrantes,92.24526190361338,97.35087761674718
2026-07-24,pre,Deshumanización,77.76694081004436,72.23629415809214
2026-07-24,pre,Odio hacia los inmigrantes,76.43983079336543,74.88357939832653
2026-07-25,pre,Deshumanización,57.694332094902364,67.8378157618025
2026-07-25,pre,Odio hacia los inmigrantes,55.96564549800078,68.31447244426033
2026-07-26,pre,Deshumanización,68.05217438046078,75.45938436221975
2026-07-26,pre,Odio hacia los inmigrantes,72.53794104141478,73.20505948051279
2026-07-27,pre,Deshumanización,100.63164661129609,82.89916140091431
2026-07-27,pre,Odio hacia los inmigrantes,91.11159190212278,81.2852412403272
2026-07-28,pre,Deshumanización,80.01366321098604,88.62150999373387
2026-07-28,pre,Odio hacia los inmigrantes,80.20619077744401,85.93655665137156
2026-07-29,pre,Deshumanización,85.21922015891948,82.61644168495276
2026-07-29,pre,Odio hacia los inmigrantes,86.4918872745479,83.34903902599595
2026-07-30,post,Deshumanización,423.6158471393656,497.96908408151967
2026-07-30,post,Odio hacia los inmigrantes,379.63052884105423,492.87469248740604
2026-07-31,post,Deshumanización,572.3223210236737,455.10943297621316
2026-07-31,post,Odio hacia los inmigrantes,606.1188561337578,450.0210846629336
2026-08-01,post,Deshumanización,369.39013076560025,416.3358498705091
2026-08-01,post,Odio hacia los inmigrantes,364.31386901398884,419.07198930248114
2026-08-02,post,Deshumanización,307.2950978222534,259.7050318801573
2026-08-02,post,Odio hacia los inmigrantes,286.78324275969675,253.66892997720782
2026-08-03,post,Deshumanización,102.42986705261826,191.87362461861082
2026-08-03,post,Odio hacia los inmigrantes,109.90967815793789,193.97579078934604
2026-08-04,post,Deshumanización,165.89590898096077,162.36297778137572
2026-08-04,post,Odio hacia los inmigrantes,185.23445145040344,168.08227777194406
2026-08-05,post,Deshumanización,218.7631573105481,191.50989432811653
2026-08-05,post,Odio hacia los inmigrantes,209.1027037074909,194.44741783688664
2026-08-06,post,Deshumanización,189.8706166928407,192.75183628522024
2026-08-06,post,Odio hacia los inmigrantes,189.0050983527656,186.81267759967935
2026-08-07,post,Deshumanización,169.62173485227186,169.68324461936942
2026-08-07,post,Odio hacia los inmigrantes,162.33023073878155,164.73762262445953
2026-08-08,post,Deshumanización,149.55738231299568,145.48905087900653
2026-08-08,post,Odio hacia los inmigrantes,142.87753878183145,141.7894027947501
2026-08-09,post,Deshumanización,117.28803547175201,130.81240576175904
2026-08-09,post,Odio hacia los inmigrantes,120.16043886363727,127.97590350303958
2026-08-10,post,Deshumanización,125.59179950052942,120.31609844542241
2026-08-10,post,Odio hacia los inmigrantes,120.88973286365002,117.61963464649568
2026-08-11,post,Deshumanización,118.0684603639858,130.09886582870166
2026-08-11,post,Odio hacia los inmigrantes,111.80873221219977,115.09201557210324
2026-08-12,post,Deshumanización,146.63633762158977,124.47034908323455
2026-08-12,post,Odio hacia los inmigrantes,112.57758164045993,109.02674209391353
2026-08-13,post,Deshumanización,108.70624926412806,123.2247137545418
2026-08-13,post,Odio hacia los inmigrantes,102.6939124290809,106.44853446148022
2026-08-14,post,Deshumanización,114.33155437790754,119.29322766536845
2026-08-14,post,Odio hacia los inmigrantes,104.07410931489986,108.62428512528042
2026-08-15,post,Deshumanización,134.84187935406976,125.46793953684615
2026-08-15,post,Odio hacia los inmigrantes,119.1048336318605,115.14871671001933
2026-08-16,post,Deshumanización,127.23038487856115,134.2605352655465
2026-08-16,post,Odio hacia los inmigrantes,122.26720718329763,123.52596871144972
2026-08-17,post,Deshumanización,140.70934156400858,142.59422619969592
2026-08-17,post,Odio hacia los inmigrantes,129.20586531919105,126.5259467835966
2026-08-18,post,Deshumanización,159.84295215651807,152.51859907006207
2026-08-18,post,Odio hacia los inmigrantes,128.10476784830112,131.5804680567686
2026-08-19,post,Deshumanización,157.00350348965958,164.08218363331014
2026-08-19,post,Odio hacia los inmigrantes,137.43077100281369,135.28034558269619
2026-08-20,post,Deshumanización,175.40009525375274,160.39352873630585
2026-08-20,post,Odio hacia los inmigrantes,140.30549789697378,139.5744790317007
2026-08-21,post,Deshumanización,148.77698746550521,153.21695467128686
2026-08-21,post,Odio hacia los inmigrantes,140.9871681953146,137.17779152437038
2026-08-22,post,Deshumanización,135.47378129460265,137.12662839014075
2026-08-22,post,Odio hacia los inmigrantes,130.24070848082275,126.7675626703188
2026-08-23,post,Deshumanización,127.12911641031435,137.31141199966754
2026-08-23,post,Odio hacia los inmigrantes,109.07481133481905,127.1382044270417
2026-08-24,post,Deshumanización,149.3313382940856,141.7606605816212
2026-08-24,post,Odio hacia los inmigrantes,142.0990934654833,129.58675558373537
2026-08-25,post,Deshumanización,148.82152704046362,161.96290767489484
2026-08-25,post,Odio hacia los inmigrantes,137.58636195090378,145.39428066303765
2026-08-26,post,Deshumanización,187.7358576901353,202.98128018881033
2026-08-26,post,Odio hacia los inmigrantes,156.4973865727259,182.58473915846298
2026-08-27,post,Deshumanización,272.38645583583207,234.05778004060554
2026-08-27,post,Odio hacia los inmigrantes,253.6704689517593,213.29509082910786
2026-08-28,post,Deshumanización,242.0510265958492,231.77325753618882
2026-08-28,post,Odio hacia los inmigrantes,229.71741696283837,221.3384482116402
2026-08-29,post,Deshumanización,180.88229017688516,211.4666583863672
2026-08-29,post,Odio hacia los inmigrantes,180.62745872032295,205.17243784158066
