dia,contenido,tweets
2026-06-30,Odio hacia los inmigrantes,2287.732973053203
2026-06-30,"Sobre migración, sin odio",3194.516004377831
2026-06-30,Resto,14741.908578374634
2026-06-30,Mensajes deshumanizadores,337.9172170456273
2026-07-01,Odio hacia los inmigrantes,1804.3807648757545
2026-07-01,"Sobre migración, sin odio",3422.593177223391
2026-07-01,Resto,13053.87845991247
2026-07-01,Mensajes deshumanizadores,437.6908924696854
2026-07-02,Odio hacia los inmigrantes,1619.6612300368067
2026-07-02,"Sobre migración, sin odio",2676.320384292565
2026-07-02,Resto,13837.99508539708
2026-07-02,Mensajes deshumanizadores,396.3040460808167
2026-07-03,Odio hacia los inmigrantes,1604.8982168511372
2026-07-03,"Sobre migración, sin odio",2693.444522418732
2026-07-03,Resto,12190.235108616502
2026-07-03,Mensajes deshumanizadores,317.5148087270762
2026-07-04,Odio hacia los inmigrantes,2032.1384161272024
2026-07-04,"Sobre migración, sin odio",2975.6259385764183
2026-07-04,Resto,12562.016450332894
2026-07-04,Mensajes deshumanizadores,337.27646003904965
2026-07-05,Odio hacia los inmigrantes,2433.7164618031147
2026-07-05,"Sobre migración, sin odio",2340.314678981844
2026-07-05,Resto,11624.898874747116
2026-07-05,Mensajes deshumanizadores,395.77742460299146
2026-07-06,Odio hacia los inmigrantes,2020.1435659102765
2026-07-06,"Sobre migración, sin odio",2816.1868691457744
2026-07-06,Resto,12937.481107605552
2026-07-06,Mensajes deshumanizadores,454.99805150608825
2026-07-07,Odio hacia los inmigrantes,2132.946973090822
2026-07-07,"Sobre migración, sin odio",2712.4312047318
2026-07-07,Resto,13643.344351816171
2026-07-07,Mensajes deshumanizadores,379.83008594841215
2026-07-08,Odio hacia los inmigrantes,2188.662532178841
2026-07-08,"Sobre migración, sin odio",2808.3073514769435
2026-07-08,Resto,14309.98851950386
2026-07-08,Mensajes deshumanizadores,366.5127951038823
2026-07-09,Odio hacia los inmigrantes,2279.9706873915657
2026-07-09,"Sobre migración, sin odio",2741.0101937784502
2026-07-09,Resto,16885.15344235657
2026-07-09,Mensajes deshumanizadores,338.8789599974058
2026-07-10,Odio hacia los inmigrantes,2158.6049437342344
2026-07-10,"Sobre migración, sin odio",2610.849621831445
2026-07-10,Resto,13729.33578671098
2026-07-10,Mensajes deshumanizadores,362.2391985463206
2026-07-11,Odio hacia los inmigrantes,1401.9245064672416
2026-07-11,"Sobre migración, sin odio",1832.1948691890773
2026-07-11,Resto,9326.441778026192
2026-07-11,Mensajes deshumanizadores,248.0397356177106
2026-07-12,Odio hacia los inmigrantes,1933.954272506637
2026-07-12,"Sobre migración, sin odio",1843.3539704292
2026-07-12,Resto,10364.82308919912
2026-07-12,Mensajes deshumanizadores,276.9051823594112
2026-07-13,Odio hacia los inmigrantes,2063.0953484059182
2026-07-13,"Sobre migración, sin odio",2090.573290507075
2026-07-13,Resto,10581.284877727128
2026-07-13,Mensajes deshumanizadores,270.1137743611809
2026-07-14,Odio hacia los inmigrantes,1950.9163301802255
2026-07-14,"Sobre migración, sin odio",2608.2885141022543
2026-07-14,Resto,11889.976360651268
2026-07-14,Mensajes deshumanizadores,266.0797904831706
2026-07-15,Odio hacia los inmigrantes,1749.5270183814434
2026-07-15,"Sobre migración, sin odio",2289.613158753474
2026-07-15,Resto,12116.645607301609
2026-07-15,Mensajes deshumanizadores,319.82437175873275
2026-07-16,Odio hacia los inmigrantes,2291.58438053278
2026-07-16,"Sobre migración, sin odio",2353.599449178761
2026-07-16,Resto,13747.328776736513
2026-07-16,Mensajes deshumanizadores,454.28534595012405
2026-07-17,Odio hacia los inmigrantes,1610.715297473931
2026-07-17,"Sobre migración, sin odio",2004.002127537006
2026-07-17,Resto,12857.544455192485
2026-07-17,Mensajes deshumanizadores,325.24568109695474
2026-07-18,Odio hacia los inmigrantes,1290.3352495575853
2026-07-18,"Sobre migración, sin odio",1570.770945658517
2026-07-18,Resto,10207.782254629708
2026-07-18,Mensajes deshumanizadores,313.2716463057732
2026-07-19,Odio hacia los inmigrantes,1308.231092125235
2026-07-19,"Sobre migración, sin odio",1464.1365104927038
2026-07-19,Resto,9943.210682375642
2026-07-19,Mensajes deshumanizadores,301.757549732074
2026-07-20,Odio hacia los inmigrantes,2640.50676159242
2026-07-20,"Sobre migración, sin odio",2475.4153614094957
2026-07-20,Resto,16357.36779092945
2026-07-20,Mensajes deshumanizadores,716.7031632741321
2026-07-21,Odio hacia los inmigrantes,2665.547569943712
2026-07-21,"Sobre migración, sin odio",2230.3012390282724
2026-07-21,Resto,12690.826651275038
2026-07-21,Mensajes deshumanizadores,489.0116356690221
2026-07-22,Odio hacia los inmigrantes,2309.876299917861
2026-07-22,"Sobre migración, sin odio",2221.7414792722307
2026-07-22,Resto,12003.447387915929
2026-07-22,Mensajes deshumanizadores,393.3407528638485
2026-07-23,Odio hacia los inmigrantes,1727.1572731868018
2026-07-23,"Sobre migración, sin odio",2014.4824973545533
2026-07-23,Resto,10881.81862822271
2026-07-23,Mensajes deshumanizadores,299.1532213109421
2026-07-24,Odio hacia los inmigrantes,1431.2237505909018
2026-07-24,"Sobre migración, sin odio",1879.840939452342
2026-07-24,Resto,11631.661705778666
2026-07-24,Mensajes deshumanizadores,321.434445651359
2026-07-25,Odio hacia los inmigrantes,1047.8746515074924
2026-07-25,"Sobre migración, sin odio",1491.9993610281686
2026-07-25,Resto,10175.757933977264
2026-07-25,Mensajes deshumanizadores,257.7382764894743
2026-07-26,Odio hacia los inmigrantes,1358.166586188286
2026-07-26,"Sobre migración, sin odio",1796.5940501986695
2026-07-26,Resto,10058.805318852832
2026-07-26,Mensajes deshumanizadores,269.8020964915445
2026-07-27,Odio hacia los inmigrantes,1705.9309646690365
2026-07-27,"Sobre migración, sin odio",2028.5016610996236
2026-07-27,Resto,11162.977062172326
2026-07-27,Mensajes deshumanizadores,278.63211487903914
2026-07-28,Odio hacia los inmigrantes,1501.743318812608
2026-07-28,"Sobre migración, sin odio",1975.5793405577797
2026-07-28,Resto,11147.757760990287
2026-07-28,Mensajes deshumanizadores,266.9085243734727
2026-07-29,Odio hacia los inmigrantes,1619.43376922687
2026-07-29,"Sobre migración, sin odio",2248.811382773872
2026-07-29,Resto,11734.194633031984
2026-07-29,Mensajes deshumanizadores,243.0022892573201
2026-07-30,Odio hacia los inmigrantes,7108.025013758401
2026-07-30,"Sobre migración, sin odio",6081.237883453961
2026-07-30,Resto,35669.772038981544
2026-07-30,Mensajes deshumanizadores,863.5726539950005
2026-07-31,Odio hacia los inmigrantes,11348.686850506709
2026-07-31,"Sobre migración, sin odio",8833.989031380968
2026-07-31,Resto,51899.61780009783
2026-07-31,Mensajes deshumanizadores,1139.051966645476
2026-08-01,Odio hacia los inmigrantes,6821.243016772082
2026-08-01,"Sobre migración, sin odio",5458.319338389556
2026-08-01,Resto,30455.810418004294
2026-08-01,Mensajes deshumanizadores,704.8093407851131
2026-08-02,Odio hacia los inmigrantes,5369.595720570056
2026-08-02,"Sobre migración, sin odio",4379.89373738991
2026-08-02,Resto,23396.746186394397
2026-08-02,Mensajes deshumanizadores,572.5866637700284
2026-08-03,Odio hacia los inmigrantes,2057.897566841501
2026-08-03,"Sobre migración, sin odio",2159.8085015239576
2026-08-03,Resto,10635.929565846976
2026-08-03,Mensajes deshumanizadores,223.55718508317037
2026-08-04,Odio hacia los inmigrantes,3468.2435006973487
2026-08-04,"Sobre migración, sin odio",3862.875888623817
2026-08-04,Resto,18271.382234307945
2026-08-04,Mensajes deshumanizadores,366.0299321182045
2026-08-05,Odio hacia los inmigrantes,3915.141527038917
2026-08-05,"Sobre migración, sin odio",4179.8615684874
2026-08-05,Resto,19537.782047487188
2026-08-05,Mensajes deshumanizadores,452.0517756692545
2026-08-06,Odio hacia los inmigrantes,3538.8433351781587
2026-08-06,"Sobre migración, sin odio",3937.0115590906
2026-08-06,Resto,17329.908678450214
2026-08-06,Mensajes deshumanizadores,398.504211482079
2026-08-07,Odio hacia los inmigrantes,3039.395551519333
2026-08-07,"Sobre migración, sin odio",3692.824338063349
2026-08-07,Resto,16215.539955422611
2026-08-07,Mensajes deshumanizadores,386.6569052201023
2026-08-08,Odio hacia los inmigrantes,2675.1724174182555
2026-08-08,"Sobre migración, sin odio",2809.5438851663
2026-08-08,Resto,13815.252687645014
2026-08-08,Mensajes deshumanizadores,332.7385844069641
2026-08-09,Odio hacia los inmigrantes,2249.828030728586
2026-08-09,"Sobre migración, sin odio",2207.694946467715
2026-08-09,Resto,12518.109131135923
2026-08-09,Mensajes deshumanizadores,286.05592827468706
2026-08-10,Odio hacia los inmigrantes,2263.482991540878
2026-08-10,"Sobre migración, sin odio",2845.732879727567
2026-08-10,Resto,14845.138536805736
2026-08-10,Mensajes deshumanizadores,343.0300134658124
2026-08-11,Odio hacia los inmigrantes,2093.454569491897
2026-08-11,"Sobre migración, sin odio",2810.720205348455
2026-08-11,Resto,14210.979287879103
2026-08-11,Mensajes deshumanizadores,329.9685515824332
2026-08-12,Odio hacia los inmigrantes,2107.8501476994
2026-08-12,"Sobre migración, sin odio",2702.01071355281
2026-08-12,Resto,15640.739757582682
2026-08-12,Mensajes deshumanizadores,352.4696397899675
2026-08-13,Odio hacia los inmigrantes,1922.7929337902156
2026-08-13,"Sobre migración, sin odio",2666.605544138444
2026-08-13,Resto,15383.655811714165
2026-08-13,Mensajes deshumanizadores,350.6236550719042
2026-08-14,Odio hacia los inmigrantes,1948.635096743396
2026-08-14,"Sobre migración, sin odio",2562.17897697456
2026-08-14,Resto,14584.099567736805
2026-08-14,Mensajes deshumanizadores,347.2662339392132
2026-08-15,Odio hacia los inmigrantes,2230.0633705601067
2026-08-15,"Sobre migración, sin odio",2496.409268324847
2026-08-15,Resto,13552.081193895983
2026-08-15,Mensajes deshumanizadores,341.3488958440328
2026-08-16,Odio hacia los inmigrantes,2289.274178434503
2026-08-16,"Sobre migración, sin odio",2272.183246916275
2026-08-16,Resto,13944.795432708805
2026-08-16,Mensajes deshumanizadores,304.3229300062975
2026-08-17,Odio hacia los inmigrantes,2419.1903781205883
2026-08-17,"Sobre migración, sin odio",2669.197847395183
2026-08-17,Resto,15310.391671779857
2026-08-17,Mensajes deshumanizadores,346.8013239229021
2026-08-18,Odio hacia los inmigrantes,2398.5739424783733
2026-08-18,"Sobre migración, sin odio",2760.4861471118384
2026-08-18,Resto,16429.02253461859
2026-08-18,Mensajes deshumanizadores,418.01772789315993
2026-08-19,Odio hacia los inmigrantes,2573.189677158709
2026-08-19,"Sobre migración, sin odio",2887.9297608842235
2026-08-19,Resto,16718.54164475356
2026-08-19,Mensajes deshumanizadores,464.284432890075
2026-08-20,Odio hacia los inmigrantes,2627.014723141692
2026-08-20,"Sobre migración, sin odio",3168.40094956002
2026-08-20,Resto,16240.173335369434
2026-08-20,Mensajes deshumanizadores,438.8836015689221
2026-08-21,Odio hacia los inmigrantes,2639.7779999691243
2026-08-21,"Sobre migración, sin odio",3312.552474682954
2026-08-21,Resto,15778.57780784512
2026-08-21,Mensajes deshumanizadores,394.083489522255
2026-08-22,Odio hacia los inmigrantes,2438.5662989682887
2026-08-22,"Sobre migración, sin odio",2566.4291359041786
2026-08-22,Resto,14694.970000190431
2026-08-22,Mensajes deshumanizadores,361.2250195114746
2026-08-23,Odio hacia los inmigrantes,2042.265909714236
2026-08-23,"Sobre migración, sin odio",2293.32402232163
2026-08-23,Resto,13582.725660570612
2026-08-23,Mensajes deshumanizadores,341.9429746064641
2026-08-24,Odio hacia los inmigrantes,2660.5971702764155
2026-08-24,"Sobre migración, sin odio",2954.139493815951
2026-08-24,Resto,18494.1170605418
2026-08-24,Mensajes deshumanizadores,396.41498069353634
2026-08-25,Odio hacia los inmigrantes,2576.102889524203
2026-08-25,"Sobre migración, sin odio",3634.707297758605
2026-08-25,Resto,21084.17807759135
2026-08-25,Mensajes deshumanizadores,454.8588491159775
2026-08-26,Odio hacia los inmigrantes,2930.184097002625
2026-08-26,"Sobre migración, sin odio",3750.458732233024
2026-08-26,Resto,22268.162522826133
2026-08-26,Mensajes deshumanizadores,491.9886580011284
2026-08-27,Odio hacia los inmigrantes,4749.607583103146
2026-08-27,"Sobre migración, sin odio",4237.855435056349
2026-08-27,Resto,29996.493293257103
2026-08-27,Mensajes deshumanizadores,730.4138316168821
2026-08-28,Odio hacia los inmigrantes,4301.121806121837
2026-08-28,"Sobre migración, sin odio",3877.1785464757513
2026-08-28,Resto,25920.61337475127
2026-08-28,Mensajes deshumanizadores,622.7158267491543
2026-08-29,Odio hacia los inmigrantes,3381.9843168967595
2026-08-29,"Sobre migración, sin odio",2950.18240220238
2026-08-29,Resto,18976.15969591519
2026-08-29,Mensajes deshumanizadores,468.7236116096085
