dia,contenido,tweets
2026-06-30,Odio hacia los inmigrantes,4718
2026-06-30,"Sobre migración, sin odio",6281
2026-07-01,Odio hacia los inmigrantes,3841
2026-07-01,"Sobre migración, sin odio",7861
2026-07-02,Odio hacia los inmigrantes,3345
2026-07-02,"Sobre migración, sin odio",5402
2026-07-03,Odio hacia los inmigrantes,2993
2026-07-03,"Sobre migración, sin odio",5170
2026-07-04,Odio hacia los inmigrantes,4124
2026-07-04,"Sobre migración, sin odio",5733
2026-07-05,Odio hacia los inmigrantes,5500
2026-07-05,"Sobre migración, sin odio",4612
2026-07-06,Odio hacia los inmigrantes,4353
2026-07-06,"Sobre migración, sin odio",6557
2026-07-07,Odio hacia los inmigrantes,4899
2026-07-07,"Sobre migración, sin odio",5791
2026-07-08,Odio hacia los inmigrantes,4992
2026-07-08,"Sobre migración, sin odio",5776
2026-07-09,Odio hacia los inmigrantes,4909
2026-07-09,"Sobre migración, sin odio",5618
2026-07-10,Odio hacia los inmigrantes,4715
2026-07-10,"Sobre migración, sin odio",5233
2026-07-11,Odio hacia los inmigrantes,3132
2026-07-11,"Sobre migración, sin odio",3584
2026-07-12,Odio hacia los inmigrantes,3934
2026-07-12,"Sobre migración, sin odio",3518
2026-07-13,Odio hacia los inmigrantes,3696
2026-07-13,"Sobre migración, sin odio",4071
2026-07-14,Odio hacia los inmigrantes,4117
2026-07-14,"Sobre migración, sin odio",5481
2026-07-15,Odio hacia los inmigrantes,3695
2026-07-15,"Sobre migración, sin odio",4677
2026-07-16,Odio hacia los inmigrantes,5166
2026-07-16,"Sobre migración, sin odio",4938
2026-07-17,Odio hacia los inmigrantes,3772
2026-07-17,"Sobre migración, sin odio",4201
2026-07-18,Odio hacia los inmigrantes,2838
2026-07-18,"Sobre migración, sin odio",3282
2026-07-19,Odio hacia los inmigrantes,2914
2026-07-19,"Sobre migración, sin odio",3057
2026-07-20,Odio hacia los inmigrantes,6614
2026-07-20,"Sobre migración, sin odio",4975
2026-07-21,Odio hacia los inmigrantes,8001
2026-07-21,"Sobre migración, sin odio",5247
2026-07-22,Odio hacia los inmigrantes,6920
2026-07-22,"Sobre migración, sin odio",5023
2026-07-23,Odio hacia los inmigrantes,4839
2026-07-23,"Sobre migración, sin odio",4549
2026-07-24,Odio hacia los inmigrantes,3969
2026-07-24,"Sobre migración, sin odio",4172
2026-07-25,Odio hacia los inmigrantes,2647
2026-07-25,"Sobre migración, sin odio",3308
2026-07-26,Odio hacia los inmigrantes,2675
2026-07-26,"Sobre migración, sin odio",3407
2026-07-27,Odio hacia los inmigrantes,3318
2026-07-27,"Sobre migración, sin odio",4089
2026-07-28,Odio hacia los inmigrantes,2931
2026-07-28,"Sobre migración, sin odio",4152
2026-07-29,Odio hacia los inmigrantes,3195
2026-07-29,"Sobre migración, sin odio",4355
2026-07-30,Odio hacia los inmigrantes,10632
2026-07-30,"Sobre migración, sin odio",9156
2026-07-31,Odio hacia los inmigrantes,15755
2026-07-31,"Sobre migración, sin odio",12102
2026-08-01,Odio hacia los inmigrantes,8922
2026-08-01,"Sobre migración, sin odio",7364
2026-08-02,Odio hacia los inmigrantes,6724
2026-08-02,"Sobre migración, sin odio",5994
2026-08-03,Odio hacia los inmigrantes,2819
2026-08-03,"Sobre migración, sin odio",3303
2026-08-04,Odio hacia los inmigrantes,4809
2026-08-04,"Sobre migración, sin odio",5989
2026-08-05,Odio hacia los inmigrantes,5783
2026-08-05,"Sobre migración, sin odio",6793
2026-08-06,Odio hacia los inmigrantes,5384
2026-08-06,"Sobre migración, sin odio",6516
2026-08-07,Odio hacia los inmigrantes,4524
2026-08-07,"Sobre migración, sin odio",6064
2026-08-08,Odio hacia los inmigrantes,3800
2026-08-08,"Sobre migración, sin odio",4460
2026-08-09,Odio hacia los inmigrantes,3099
2026-08-09,"Sobre migración, sin odio",3504
2026-08-10,Odio hacia los inmigrantes,3384
2026-08-10,"Sobre migración, sin odio",4637
2026-08-11,Odio hacia los inmigrantes,3280
2026-08-11,"Sobre migración, sin odio",4678
2026-08-12,Odio hacia los inmigrantes,3323
2026-08-12,"Sobre migración, sin odio",5039
2026-08-13,Odio hacia los inmigrantes,2953
2026-08-13,"Sobre migración, sin odio",4723
2026-08-14,Odio hacia los inmigrantes,2819
2026-08-14,"Sobre migración, sin odio",4341
2026-08-15,Odio hacia los inmigrantes,3127
2026-08-15,"Sobre migración, sin odio",3878
2026-08-16,Odio hacia los inmigrantes,3165
2026-08-16,"Sobre migración, sin odio",3547
2026-08-17,Odio hacia los inmigrantes,3821
2026-08-17,"Sobre migración, sin odio",4490
2026-08-18,Odio hacia los inmigrantes,3648
2026-08-18,"Sobre migración, sin odio",4718
2026-08-19,Odio hacia los inmigrantes,3677
2026-08-19,"Sobre migración, sin odio",4800
2026-08-20,Odio hacia los inmigrantes,3802
2026-08-20,"Sobre migración, sin odio",5229
2026-08-21,Odio hacia los inmigrantes,3664
2026-08-21,"Sobre migración, sin odio",4984
2026-08-22,Odio hacia los inmigrantes,3383
2026-08-22,"Sobre migración, sin odio",3984
2026-08-23,Odio hacia los inmigrantes,2902
2026-08-23,"Sobre migración, sin odio",3672
2026-08-24,Odio hacia los inmigrantes,4276
2026-08-24,"Sobre migración, sin odio",5059
2026-08-25,Odio hacia los inmigrantes,4078
2026-08-25,"Sobre migración, sin odio",5769
2026-08-26,Odio hacia los inmigrantes,4354
2026-08-26,"Sobre migración, sin odio",6202
2026-08-27,Odio hacia los inmigrantes,6002
2026-08-27,"Sobre migración, sin odio",6406
2026-08-28,Odio hacia los inmigrantes,5481
2026-08-28,"Sobre migración, sin odio",5866
2026-08-29,Odio hacia los inmigrantes,4557
2026-08-29,"Sobre migración, sin odio",4573
2026-06-30,Mensajes deshumanizadores,72.73370232803198
2026-07-01,Mensajes deshumanizadores,67.64283859775492
2026-07-02,Mensajes deshumanizadores,59.70799817403322
2026-07-03,Mensajes deshumanizadores,56.5983033159749
2026-07-04,Mensajes deshumanizadores,76.85314730381373
2026-07-05,Mensajes deshumanizadores,94.87309759653337
2026-07-06,Mensajes deshumanizadores,79.56141924728158
2026-07-07,Mensajes deshumanizadores,85.03166516178774
2026-07-08,Mensajes deshumanizadores,74.56886356732637
2026-07-09,Mensajes deshumanizadores,81.38944713774625
2026-07-10,Mensajes deshumanizadores,98.21696777589885
2026-07-11,Mensajes deshumanizadores,52.060160770075704
2026-07-12,Mensajes deshumanizadores,63.22768024667407
2026-07-13,Mensajes deshumanizadores,64.71929640733305
2026-07-14,Mensajes deshumanizadores,64.64851173361568
2026-07-15,Mensajes deshumanizadores,64.50183107424127
2026-07-16,Mensajes deshumanizadores,94.76580831452871
2026-07-17,Mensajes deshumanizadores,62.23711835945288
2026-07-18,Mensajes deshumanizadores,46.18573711397407
2026-07-19,Mensajes deshumanizadores,45.00320601699883
2026-07-20,Mensajes deshumanizadores,88.38251830827653
2026-07-21,Mensajes deshumanizadores,80.23531909969532
2026-07-22,Mensajes deshumanizadores,72.84136748562372
2026-07-23,Mensajes deshumanizadores,54.59860590654728
2026-07-24,Mensajes deshumanizadores,52.259587406350214
2026-07-25,Mensajes deshumanizadores,38.77074190598891
2026-07-26,Mensajes deshumanizadores,45.73123898386055
2026-07-27,Mensajes deshumanizadores,67.62472944350058
2026-07-28,Mensajes deshumanizadores,53.76939072980371
2026-07-29,Mensajes deshumanizadores,57.26753859939465
2026-07-30,Mensajes deshumanizadores,284.6709560604887
2026-07-31,Mensajes deshumanizadores,384.6020950367488
2026-08-01,Mensajes deshumanizadores,248.2311329815702
2026-08-02,Mensajes deshumanizadores,206.50310860769773
2026-08-03,Mensajes deshumanizadores,68.8331382782869
2026-08-04,Mensajes deshumanizadores,111.48248427211718
2026-08-05,Mensajes deshumanizadores,147.00941327607313
2026-08-06,Mensajes deshumanizadores,127.59355049331617
2026-08-07,Mensajes deshumanizadores,113.98624899211853
2026-08-08,Mensajes deshumanizadores,100.50295166351002
2026-08-09,Mensajes deshumanizadores,78.81786627594143
2026-08-10,Mensajes deshumanizadores,84.39801739855766
2026-08-11,Mensajes deshumanizadores,79.3423138425418
2026-08-12,Mensajes deshumanizadores,98.54000199905998
2026-08-13,Mensajes deshumanizadores,73.05088352275064
2026-08-14,Mensajes deshumanizadores,76.83110325646784
2026-08-15,Mensajes deshumanizadores,90.61409522785777
2026-08-16,Mensajes deshumanizadores,85.49915105373361
2026-08-17,Mensajes deshumanizadores,94.55704516287888
2026-08-18,Mensajes deshumanizadores,107.41488147150694
2026-08-19,Mensajes deshumanizadores,105.50676454873903
2026-08-20,Mensajes deshumanizadores,117.86932227905925
2026-08-21,Mensajes deshumanizadores,99.97852428705563
2026-08-22,Mensajes deshumanizadores,91.03873498286862
2026-08-23,Mensajes deshumanizadores,85.43109837848723
2026-08-24,Mensajes deshumanizadores,100.35104949221633
2026-08-25,Mensajes deshumanizadores,100.00845499779643
2026-08-26,Mensajes deshumanizadores,126.1589868660047
2026-08-27,Mensajes deshumanizadores,183.04440998687264
2026-08-28,Mensajes deshumanizadores,162.65892228010563
2026-08-29,Mensajes deshumanizadores,121.55337159075705
