dia,periodo,tweets,total,marcados,q,n_est,t,mundial,dow,y,esperado,esperado_inf,esperado_sup,n_est_m,esperado_m,esperado_inf_m,esperado_sup_m
2026-06-30,pre,10999,5482.248977431033,2287.732973053203,0.41729826253262,2287.732973053203,0,TRUE,2,2288,2814.339731631557,2033.1853743108747,3895.6153359722834,2046.0568689644786,2706.9287248870705,1955.5486435219777,3747.0114328481736
2026-07-01,pre,11702,5226.9739420991455,1804.3807648757543,0.34520561702879227,1804.3807648757543,1,TRUE,3,1804,2599.5177181425847,1877.9119127330807,3598.407529724064,1903.9249893219212,2665.6767875389214,1925.2887567857958,3690.788489547645
2026-07-02,pre,8747,4295.981614329372,1619.6612300368067,0.3770177285290001,1619.6612300368067,2,TRUE,4,1620,2583.172912842623,1864.7689833134318,3578.342602946588,1676.3134039212327,2460.379024490373,1776.509377119792,3407.505672474802
2026-07-03,pre,8163,4298.342739269869,1604.8982168511372,0.373376046118591,1604.8982168511372,3,TRUE,5,1605,2198.4464424859116,1586.847235312863,3045.7668847537534,1752.2326210050487,2205.4142593185434,1591.8807083091792,3055.412438931992
2026-07-04,pre,9857,5007.7643547036205,2032.1384161272024,0.4057975320301333,2032.1384161272024,4,TRUE,6,2032,1834.6234226270951,1324.0259063012427,2542.127829095634,2023.5843649271515,2087.7311642877594,1506.8678639051564,2892.504076694798
2026-07-05,pre,10112,4774.031140784959,2433.7164618031147,0.5097822762427471,2433.7164618031147,5,TRUE,7,2434,2230.123627750271,1609.7304501013634,3089.6175162350073,2161.999481280198,2234.3105054329117,1642.4515854011322,3040.976187678672
2026-07-06,pre,10910,4836.33043505605,2020.1435659102763,0.4177017251069744,2020.1435659102763,6,TRUE,1,2020,2638.1844659213684,1993.5983998007907,3491.1832177053743,2195.6023336014046,2462.528497604317,1851.7273524725113,3277.48616212371
2026-07-07,pre,10690,4845.378177822622,2132.946973090822,0.44020237323339517,2132.946973090822,7,TRUE,2,2133,2519.2773991413123,1951.8532075153796,3251.657752430749,2113.9176903933135,2494.813240498298,1916.0724531539208,3248.820818149277
2026-07-08,pre,10768,4996.9698836557845,2188.6625321788415,0.4379979433811627,2188.6625321788415,8,TRUE,3,2189,2326.977856432213,1802.7657521455924,3003.6214843117077,2200.5267308870766,2386.200645495347,1845.2929769892094,3085.685778998769
2026-07-09,pre,10527,5020.980881170016,2279.9706873915657,0.4540887012619484,2279.9706873915657,9,TRUE,4,2280,2312.3466809125157,1781.2599713066563,3001.7781002538504,2209.079387768214,2202.4268072733926,1699.9192682314479,2853.500592183054
2026-07-10,pre,9948,4769.454565565679,2158.6049437342344,0.4525894762304364,2158.6049437342344,10,TRUE,5,2159,1967.9558844754488,1515.732081242095,2555.1021919836035,1946.8333791976806,1974.19317817191,1520.54113470063,2563.191944112343
2026-07-11,pre,6716,3234.119375656319,1401.9245064672416,0.4334795174908288,1401.9245064672416,11,TRUE,6,1402,1642.2769691277651,1264.6313515531383,2132.695540099576,1831.4945742360376,1868.8482696522206,1439.3194174076386,2426.5592792578323
2026-07-12,pre,7452,3777.308242935837,1933.954272506637,0.5119927070086051,1933.954272506637,12,TRUE,7,1934,1996.311955353448,1537.5948194276825,2591.8801056903176,1799.6580424599322,2000.0598704328866,1566.0096564164573,2555.465212460705
2026-07-13,pre,7767,4153.668638912993,2063.0953484059182,0.496692328578677,2063.0953484059182,13,TRUE,1,2063,2361.5906868174466,1895.8027982685512,2941.819991592221,1982.6553170309269,2204.3509243141175,1761.5130663238776,2760.344322257679
2026-07-14,pre,9598,4559.20484428248,1950.9163301802257,0.4279071453933011,1950.9163301802257,14,TRUE,2,1951,2255.1501307714575,1851.1415812753994,2747.3328694904985,1921.1795656558625,2233.250854978402,1818.8858176232447,2742.323099271756
2026-07-15,pre,8372,4039.140177134918,1749.5270183814434,0.43314342698114405,1749.5270183814434,15,TRUE,3,1750,2083.0117473463015,1709.7130733257834,2537.8164367325476,1997.3425763648163,2136.0254728478676,1745.814491482263,2613.5544360652493
2026-07-16,pre,10104,4645.183829711541,2291.58438053278,0.4933247993061846,2291.58438053278,16,TRUE,4,2292,2069.9145404258443,1676.5888198456066,2555.5140019727014,1883.9422321293848,1971.5189379820079,1604.3018111464373,2422.888829695809
2026-07-17,pre,7973,3614.717425010937,1610.715297473931,0.4455992289546831,1610.715297473931,17,TRUE,5,1611,1761.6305261738778,1426.6035402679217,2175.3360503821777,1730.8783091880987,1767.2138865850925,1431.1311789195518,2182.2213602620345
2026-07-18,pre,6120,2861.106195216102,1290.3352495575853,0.4509917358939992,1290.3352495575853,18,TRUE,6,1290,1470.0965931555556,1190.2011766451271,1815.814028431224,1403.0938797189172,1672.9135986115414,1354.663752324534,2065.9296055138993
2026-07-19,pre,5971,2772.3676026179387,1308.231092125235,0.4718822608119775,1308.231092125235,19,TRUE,7,1308,1787.013676505191,1447.1865400605534,2206.638737728296,1746.3577010917468,1790.3686509055478,1467.5888056594126,2184.6361128112053
2026-07-20,pre,11589,5115.922123001916,2640.50676159242,0.5161350579830614,2640.50676159242,20,FALSE,1,2641,2113.9956830558967,1765.3787002725571,2531.4555722740965,2204.7618078871224,1973.241325837148,1641.3596157983206,2373.0499018653245
2026-07-21,pre,13248,4895.848808971985,2665.547569943712,0.5444505486074059,2665.547569943712,21,FALSE,2,2666,2018.7146179503566,1711.5136070618516,2381.055395593581,2538.643543817998,1999.1113163507223,1685.8717678545427,2370.6747759952527
2026-07-22,pre,11943,4531.617779190092,2309.876299917861,0.5097244323043263,2309.876299917861,22,FALSE,3,2310,1864.6236480459133,1580.7229962292192,2199.513360118081,2234.1937143494583,1912.079283554051,1609.4317284057952,2271.887921757153
2026-07-23,pre,9388,3741.639770541355,1727.1572731868018,0.46160437110623026,1727.1572731868018,23,FALSE,4,1727,1852.8995846658834,1536.0585819263144,2235.0950095597964,1822.7524412318548,1764.8200203455006,1474.5894876880332,2112.417203018571
2026-07-24,pre,8141,3311.0646900432434,1431.2237505909018,0.43225484385574164,1431.2237505909018,24,FALSE,5,1431,1576.9368283247047,1306.9868849085656,1902.6432393778352,1402.0852250950654,1581.9348154323516,1311.1358246861062,1908.6640968167658
2026-07-25,pre,5955,2539.874012535661,1047.8746515074924,0.41256953940851415,1047.8746515074924,25,FALSE,6,1048,1315.9680333064666,1090.3620072234387,1588.254041512666,1279.0883294288935,1497.521202692514,1241.0656034138174,1806.971196599355
2026-07-26,pre,6082,3154.760636386956,1358.1665861882861,0.43051335512533523,1358.1665861882861,26,FALSE,7,1358,1599.6587464463707,1325.847918109448,1930.0163089075634,1370.6574007882716,1602.6619770395073,1334.174919478493,1925.2394313123034
2026-07-27,pre,7407,3734.43262576866,1705.9309646690363,0.4568112845034669,1705.9309646690363,27,FALSE,1,1706,1892.3591513656843,1586.3148331025918,2257.447943516681,1521.9469565566435,1766.3618288014025,1477.3345452615808,2112.0133344240753
2026-07-28,pre,7083,3477.3226593703876,1501.743318812608,0.43186769417725457,1501.743318812608,28,FALSE,2,1502,1807.067588592152,1519.8408845727024,2148.575750847982,1609.0360175695048,1789.519545577502,1503.284619254145,2130.2606065131304
2026-07-29,pre,7550,3868.245152000742,1619.43376922687,0.418648173937286,1619.43376922687,29,FALSE,3,1619,1669.1318967746693,1403.6981400871405,1984.7581251747276,1560.588544019739,1738.0997426834106,1461.7695123299213,2066.666938011355
2026-07-30,post,19788,13189.262897212362,7108.025013758401,0.5389251142503747,7108.025013758401,30,FALSE,4,7108,1658.6370131728638,1356.7794444772546,2027.6521380576664,9228.355932132556,1535.12194368052,1255.6169005338966,1876.8458826229273
2026-07-31,post,27857,20182.675881887677,11348.686850506709,0.562298424496389,11348.686850506709,31,FALSE,5,11349,1411.6068741881759,1154.4543565905383,1726.0396271881882,8425.98496034573,1416.080859976024,1158.1188578901845,1731.5019720034654
2026-08-01,post,16286,12279.562355161639,6821.243016772082,0.5554956129120363,6821.243016772082,32,FALSE,6,6821,1177.9986925670319,963.1227726027603,1440.8141507645414,7846.508529282949,1340.5173790056388,1096.2300963113485,1639.2424212004553
2026-08-02,post,12718,9749.489457959966,5369.595720570056,0.5507566056380575,5369.595720570056,33,FALSE,7,5370,1431.9465702617083,1171.113159740747,1750.873485648636,4749.578768061213,1434.6349347376322,1169.0071953941701,1760.6540652995795
2026-08-03,post,6122,4217.706068365458,2057.897566841501,0.4879186774717624,2057.897566841501,34,FALSE,1,2058,1693.9595413841564,1372.7856538390033,2090.2745594855614,3631.9122627029687,1581.1720894923785,1281.970394844178,1950.2848213684576
2026-08-04,post,10798,7331.119389321166,3468.2435006973487,0.4730851206364674,3468.2435006973487,35,FALSE,2,3468,1617.6101568312708,1302.0123709527834,2009.7064189711755,3147.094198192589,1601.9018940124324,1292.4442077685735,1985.4761564577107
2026-08-05,post,12576,8095.003095526317,3915.141527038917,0.483649169844371,3915.141527038917,36,FALSE,3,3915,1494.13598382187,1202.5345985139338,1856.4474909163953,3640.7427876381416,1532.1625168019439,1222.2635040950859,1920.9598288097693
2026-08-06,post,11900,7475.8548942687585,3538.8433351781587,0.473369719614429,3538.8433351781587,37,FALSE,4,3539,1484.7414097526905,1162.2435428185404,1896.725576541737,3497.7934712454694,1414.1626381982517,1117.913403463387,1789.2352387238893
2026-08-07,post,10588,6732.219889582681,3039.395551519333,0.45147003534784125,3039.395551519333,38,FALSE,5,3039,1263.6105210201943,988.962069057687,1614.532648713536,3084.470434705249,1267.6154430815652,992.1004935181732,1619.6433425169973
2026-08-08,post,8260,5484.716302584556,2675.1724174182555,0.48775037209447597,2675.1724174182555,39,FALSE,6,2675,1054.4943984718107,825.0958686782919,1347.6718022957189,2654.7986665553913,1199.9742241947552,939.0958184643086,1533.3240013072138
2026-08-09,post,6603,4457.5229771963,2249.828030728586,0.5047260647310642,2249.828030728586,40,FALSE,7,2250,1281.8177530922608,1003.2295176569469,1637.767552912387,2396.1611465625733,1284.2242627928229,996.1559518569807,1655.797949821716
2026-08-10,post,8021,5109.215871268445,2263.4829915408786,0.44301964304728675,2263.4829915408786,41,FALSE,1,2263,1516.3606368143971,1160.1424692357032,1981.954494257042,2202.255197253787,1415.3981001085078,1085.7378971329456,1845.5299902449926
2026-08-11,post,7958,4904.174774840352,2093.4545694918975,0.42687193373120486,2093.4545694918975,42,FALSE,2,2093,1448.0159104188654,1093.841704506187,1916.867923565549,2154.9292362440588,1433.9545406934947,1088.0894399855417,1889.8281156763812
2026-08-12,post,8362,4809.86086125221,2107.8501476994,0.43823516074654967,2107.8501476994,43,FALSE,3,2108,1337.4870748472217,1010.2841462147351,1770.6619292065527,2041.3658836605043,1371.5268121353934,1027.4101708324467,1831.1731591880841
2026-08-13,post,7676,4589.398477928659,1922.7929337902153,0.4189640413743355,1922.7929337902153,44,FALSE,4,1923,1329.077451140093,978.1046617764181,1805.9896247921504,1993.0927260776705,1265.8983324154408,940.2311133146617,1704.6322498622408
2026-08-14,post,7160,4510.814073717956,1948.6350967433962,0.43199188991118614,1948.6350967433962,45,FALSE,5,1949,1131.130471259008,832.3045319528319,1537.245195588019,2033.8304670312393,1134.715507394175,834.9451978236013,1542.1123588062273
2026-08-15,post,7005,4726.472638884953,2230.0633705601067,0.47182403050707444,2230.0633705601067,46,FALSE,6,2230,943.9385997834235,694.4263997415542,1283.1022560385125,2155.9908819126686,1074.1659610559577,790.3467292535065,1459.9067466722834
2026-08-16,post,6712,4561.457425350778,2289.274178434503,0.5018734068878121,2289.274178434503,47,FALSE,7,2289,1147.4288121254417,844.3092560661333,1559.3727883903189,2312.842642371733,1149.5830174018338,835.8945225703287,1581.3354945371207
2026-08-17,post,8311,5088.388225515771,2419.1903781205883,0.4754335304035048,2419.1903781205883,48,FALSE,1,2419,1357.3816402966363,968.9479119032987,1901.5314391825304,2369.0128330111547,1267.0042654458516,907.9476086122922,1768.6750014520003
2026-08-18,post,8366,5159.060089590212,2398.5739424783733,0.46492459882724374,2398.5739424783733,49,FALSE,2,2399,1296.2023439154768,910.5856578674445,1845.1207767831513,2463.65133258589,1283.6152029417183,906.8565467225645,1817.0069100869355
2026-08-19,post,8477,5461.119438042932,2573.189677158709,0.47118355611003576,2573.189677158709,50,FALSE,3,2573,1197.261624613042,841.0360703969504,1704.368514295125,2532.9261142595915,1227.7325517221452,855.7604411911088,1761.6177421017912
2026-08-20,post,9031,5795.415672701712,2627.0147231416922,0.4532918554083677,2627.0147231416922,51,FALSE,4,2627,1189.733686637917,815.6595953089314,1735.3639352270973,2613.3274667565083,1133.1784228537508,783.5957785332887,1638.9414410484599
2026-08-21,post,8648,5952.330474652078,2639.7779999691243,0.4434864648746545,2639.7779999691243,52,FALSE,5,2640,1012.5399573102939,694.0916698939843,1477.0918736231577,2568.4530073597016,1015.7491293974157,696.2934420776735,1481.769388941161
2026-08-22,post,7367,5004.995434872467,2438.5662989682887,0.48722647816569414,2438.5662989682887,53,FALSE,6,2439,844.9737442440363,579.1290610301047,1232.8523579732282,2373.5367362172165,961.547747132277,659.1073075170916,1402.7671446295064
2026-08-23,post,6574,4335.589932035866,2042.2659097142357,0.4710468337016475,2042.2659097142357,54,FALSE,7,2042,1027.1295398425007,704.1011916271857,1498.3572022921333,2380.47645965298,1029.057892914068,695.9151387226605,1522.1157356837928
2026-08-24,post,9335,5614.7366640923665,2660.5971702764155,0.4738596535241972,2660.5971702764155,55,FALSE,1,2661,1215.0703946556664,804.5151635106909,1835.137646786017,2426.321989838285,1134.1684071321813,754.4042900706148,1705.8794016813868
2026-08-25,post,9847,6210.810187282807,2576.102889524203,0.41477726928428843,2576.102889524203,56,FALSE,2,2576,1160.305286898377,754.596515073968,1784.1433559660097,2722.2947189344145,1149.0378128906773,752.0260838981445,1755.7703335572871
2026-08-26,post,10556,6680.642829235649,2930.1840970026255,0.43860810582173815,2930.1840970026255,57,FALSE,3,2930,1071.7377571179884,696.9665731097748,1648.0299979198344,3418.6315232099914,1099.014036926732,709.4848144604102,1702.602866493789
2026-08-27,post,12408,8987.463018159495,4749.607583103146,0.5284703340093185,4749.607583103146,58,FALSE,4,4750,1064.9990667638301,676.891355197488,1675.6352455955227,3993.637828742536,1014.3731965987788,649.9581086638568,1583.2971711826215
2026-08-28,post,11347,8178.300352597588,4301.121806121837,0.5259187876067325,4301.121806121837,59,FALSE,5,4301,906.3827659145178,576.0163976843075,1426.2262700325075,4144.237902040581,909.2554804692581,577.8433851369642,1430.7432747072626
2026-08-29,post,9130,6332.166719099139,3381.9843168967595,0.534095905386696,3381.9843168967595,60,FALSE,6,3382,756.3846087294264,480.62240252909726,1190.3683084937577,3841.5530615092985,831.383687321972,528.3194001067025,1308.2972892631326
