familia,variantes,tweets
extranjero,extranjero · extranjeros,109502
latino,latino · latina · latinos · latinas,94192
marroquí,marroquí · marroquíes · marroquis · marroki,76742
moro,moro · moros · morito · moritos · morita · moritas · moraco · moracos,66884
inmigrante,inmigrante · inmigrantes,58145
africano,africano · africanos · africana · africanas,46442
musulmán,musulman · musulmanes,41181
migrante,migrante · migrantes,35738
árabe,árabe · árabes,32329
mohamed,mohamed · mohammed · muhammad · mojamed,25628
irregular,irregular · irregulares,18651
mena,mena · menas,18594
panchito,panchito · panchita · panchitos · panchitas,10134
islamista,islamista · islamistas,6059
magrebí,magrebí · magrebíes · magrebis,4359
patera,patera · pateras,3821
subsahariano,subsahariano · subsaharianos,1974
indígena,indígena,1941
cayuco,cayuco · cayucos,713
sin papeles,sin papeles,669
jovenlandés,jovenlandés · jovenlandeses,172
machupichu,machupichu,107
harraga,harraga · harragas,22
calluco,calluco · callucos,0
